ret,vol,sharpe,w_AAPL,w_MSFT,w_GOOGL,w_AMZN,w_TSLA,w_JPM,w_JNJ,w_XOM
0.17119076465694866,0.15696804864476852,0.835780057085656,0.0,3.839030728713959e-18,0.17152135292400045,0.01220064099253043,0.0,0.08602374051282649,0.5882474925364628,0.1420067730341799
0.17191919928945515,0.1569695242810907,0.840412811936812,0.0,2.956099758471334e-19,0.17111731501827387,0.012611579117916156,6.516727668231968e-19,0.08875320162039456,0.587455020782668,0.14006288346074752
0.1726476339220872,0.1569739510232476,0.845029592855456,0.0,2.3423501608247674e-18,0.17071082325993886,0.013024209678065548,4.268977805348477e-18,0.09148242958877922,0.5866635177110249,0.1381190197621916
0.17337606855459345,0.15698132862250364,0.8496301421637584,8.147675905666008e-19,3.9110456026902514e-18,0.1703026997174801,0.013437996843776532,1.128479384833433e-18,0.09421148010233912,0.5858726563560976,0.13617516698030652
0.17410450318715825,0.15699165666385534,0.8542142049898728,4.181682919887752e-18,0.0,0.16989679859253587,0.0138504027162957,6.527669354981688e-18,0.09694063295138197,0.5850809052845671,0.13423126045521938
0.1748329378197107,0.15700493456435044,0.8587815293438928,6.564723025816904e-18,1.4617966969940134e-18,0.16949089463887448,0.014262800143922946,6.778280909370877e-20,0.09966977787698467,0.5842891912495849,0.13228733609063298
0.17556137245226988,0.15702116157566373,0.863331866176184,0.0,4.82115889356486e-18,0.16908505125397527,0.014675178827479356,0.0,0.10239892767306154,0.583497415110317,0.13034342713516683
0.1762898070848365,0.15704033678359103,0.8678649694482651,0.0,2.5038259836205418e-18,0.16867914857768018,0.015087576064473076,0.0,0.10512807898330212,0.5827056848382735,0.12839951153627122
0.1770182417174205,0.15706245910955793,0.872380596192272,6.417060525779067e-18,0.0,0.16827633315338927,0.015497867831829736,8.083080108340314e-18,0.10785752472578973,0.5819126916295299,0.12645558265946144
0.17774667634993513,0.15708752730494954,0.8768785066081753,1.477862428340388e-17,0.0,0.16786845282594418,0.015911724996683835,5.662245597661232e-18,0.11058645449091452,0.5811216524608181,0.12451171522563927
0.178475110982519,0.15711553996291702,0.8813584640653775,0.0,1.5169894531398981e-18,0.16746206539944145,0.016324454098525103,0.0,0.11331556735641392,0.5803301002119735,0.12256781293364587
0.17920354561506482,0.15714649550813567,0.8858202352203144,0.0,0.0,0.16705566156958718,0.016736946867962024,1.6451213804522029e-18,0.11604519293361433,0.5795377944330631,0.1206244041957735
0.17993198024762652,0.15718039220131802,0.890263590056452,7.176652371330604e-18,2.3293600318432996e-17,0.16664973483505796,0.01714938156023246,3.7374902994465504e-18,0.11877387355332872,0.5787471235816348,0.11867988646974598
0.1806604148801807,0.1572172272238015,0.8946883071531856,7.491726938928704e-05,0.0,0.16620623435900733,0.01753902931743961,1.6135788028191485e-18,0.12147002305618303,0.5779544453968616,0.11675535060111912
0.1813888495127412,0.15725669943947237,0.8990958732868569,0.0009273797376345345,0.0005659097956014813,0.1650960214782626,0.017534602176305994,0.0,0.12342256068047425,0.577166257931085,0.11528726820063614
0.18211728414530812,0.15729806878405164,0.9034903304529146,0.0010603063302772966,0.0023093053360336378,0.16377963919375485,0.01738576764182247,0.0,0.1248626700631146,0.5764537392177971,0.11414857221720015
0.18284571877786063,0.15734116514989385,0.907872511569214,0.0011921244782319678,0.0040511725918727605,0.16246369483665518,0.01723832644692852,0.0,0.12630402746230207,0.5757420383171592,0.11300861586685036
0.18357415341042535,0.15738598712036317,0.9122422906724534,0.0013270030036086438,0.0057930721419002865,0.16114641086202275,0.017089685967503116,0.0,0.12774420404183467,0.5750300218590507,0.11186960212407983
0.1843025880429788,0.1574325332188517,0.916599543261998,0.0014594890687195448,0.007535152707003257,0.15982996354335946,0.016942021569179053,0.0,0.1291851566103462,0.5743182430292182,0.11072997347217436
0.18503102267554283,0.15748080191838687,0.920944146263009,0.001592723187461706,0.009277267605449358,0.15851314444334977,0.016794093191985496,9.334114787580574e-18,0.13062580981703215,0.5736063486501127,0.10959061310460882
0.18575945730809523,0.15753079163487138,0.9252759780826847,0.0017257604262420532,0.011019428369100852,0.1571963801826072,0.016646248613223415,0.0,0.13206651512700399,0.5728944282394457,0.10845123904237679
0.18648789194065027,0.15758250075201904,0.9295949184812855,0.0018547484231069785,0.012769843452982791,0.15586717007293702,0.016504963672344695,0.0,0.13350218114947024,0.572186094060334,0.10731499916882425
0.18721632657320725,0.15763592752835742,0.9339008491368456,0.0019866247988646617,0.014510816199110002,0.15455309980142093,0.01635692779219316,1.904100742563418e-18,0.13494435171084654,0.5714733164412523,0.10617486325631244
0.18794476120577447,0.15769107024873738,0.9381936527693714,0.0021199915502211186,0.01625195926225624,0.15323789188092574,0.016208421555678983,5.7471126150657685e-18,0.13638575486905052,0.5707608722962404,0.10503510858562708
0.1886731958383264,0.15774792712577435,0.942473213735401,0.002253513032672066,0.017996075950169478,0.15191719595302555,0.016061696963044467,0.0,0.13782465118359552,0.5700500833530838,0.10389678356440907
0.1894016304708953,0.15780649625825427,0.9467394182961631,0.002391029969043882,0.019729414109017157,0.1506133522345734,0.015907047982595943,9.136474337106328e-18,0.1392705948674377,0.5693344961292702,0.10275406470806167
0.19013006510344216,0.1578667757968023,0.9509921536415082,0.0025246294913188515,0.02147128150329697,0.14929643550102836,0.015759132251854564,0.0,0.14071127562121916,0.5686225137677984,0.10161473186348381
0.19085849973600147,0.15792876375831302,0.9552313090151736,0.0026551402230766,0.0232137225699784,0.14798163570681175,0.015611628431767652,0.0,0.1421529187751487,0.5679100363606423,0.10047491793257468
0.19158693436855798,0.1579924581349901,0.9594567750761925,0.0027882925076183696,0.024955681534227392,0.14666507501925102,0.015463707103699346,0.0,0.14359373242371157,0.5671980193163253,0.099335492095167
0.1923153690011211,0.1580578568625451,0.9636684441038704,0.002921471963665228,0.02669762784263753,0.14534850539021485,0.015315779723350033,4.513890895415053e-18,0.14503454157249188,0.5664860094728285,0.09819606403481192
0.19304380363368248,0.15812495782628427,0.9678662099743676,0.0030547025880601195,0.02843954605731427,0.1440319054648345,0.015167856729401165,0.0,0.14647534559727712,0.5657740082523074,0.09705663531080543
0.19377223826623335,0.1581937588601143,0.972049968179903,0.0031880074678960276,0.030181428653480995,0.14271527509196266,0.015019918361324026,0.0,0.1479161430864379,0.5650620224739155,0.09591720486498302
0.194500672898796,0.15826425774688674,0.9762196158395418,0.003321416332813013,0.031923276103179014,0.14139858610500114,0.014871972433277494,0.0,0.14935691560270942,0.5643500516817053,0.09477778174131467
0.19522910753134787,0.1583364522187357,0.9803750517089067,0.0034549306312671633,0.03366508393922623,0.14008181301021774,0.014724028891137159,0.0,0.15079766722095733,0.5636381133673146,0.09363836293987982
0.19595754216392325,0.158410339957422,0.9845161761905314,0.00358851582516834,0.035406896098650116,0.1387649588149651,0.014576090607966946,0.0,0.15223838404093493,0.562926186403975,0.09249896820833964
0.19668597679647376,0.1584859185946802,0.9886428913422289,0.0037221227519010584,0.03714872204307199,0.13744804726671636,0.014428167612893027,6.17869459066629e-18,0.15367907729454644,0.5622142791231307,0.09135958390774047
0.1974144114290332,0.15856318571056718,0.9927551008994554,0.0038519898607933473,0.038892174286385,0.13613285837106573,0.014280718102645265,0.0,0.15512028618976909,0.5615018922520834,0.09022008093725824
0.19814284606159208,0.15864213884142989,0.9968527102352239,0.003985109162712201,0.04063414949850026,0.1348163171056417,0.014132794975627486,0.0,0.1565611002964813,0.5607898797716427,0.08908064918939446
0.1988712806941507,0.15872277546972363,1.0009356264341243,0.004118161044299295,0.04237617735435795,0.13349976714154677,0.013984890982541236,3.4351287901408168e-18,0.15800190650086396,0.5600778700067776,0.08794122696961318
0.19959971532670256,0.15880509303094567,1.005003758258572,0.004251110459704435,0.044118278546634186,0.13218320696054014,0.013837020303908928,3.0533061766020184e-18,0.1594426997610833,0.5593658735433044,0.08680181042482475
0.20032814995926335,0.1588890889136073,1.009057016158224,0.004386534150797406,0.045859269794410365,0.1308652903173485,0.013688920710940054,5.2393542850242875e-18,0.16088313099120494,0.5586544889278984,0.0856623651074003
0.2010565845918228,0.15897476045439132,1.013095312309206,0.004517771157447358,0.04760202005570322,0.1295498637607759,0.013541153313427666,0.0,0.1623242756796459,0.5579419937815214,0.08452292225147855
0.20178501922438605,0.15906210494860465,1.0171185605563386,0.004650681315055144,0.04934410034167466,0.12823349371666895,0.013393243188702438,1.4326014778348987e-18,0.16376512307523713,0.5572298251181409,0.08338353324452054
0.20251345385693703,0.15915111964109674,1.0211266764784483,0.004784114751790153,0.0510858738944524,0.12691684098284844,0.013245322962153156,2.4299421895529774e-19,0.16520593205361753,0.5565178248237528,0.08224409053138561
0.2032418884894966,0.15924180173071806,1.0251195773678998,0.004917177149894964,0.05282788261207133,0.12560033188404662,0.0130974210025585,6.1814978728968335e-18,0.16664673517975107,0.5558057917376852,0.08110466043399238
0.2039703231220594,0.15933414837059232,1.0290971822354358,0.005050015254457156,0.054570039920861124,0.12428379870346574,0.012949549891971458,6.7434071588240496e-18,0.1680875533148054,0.5550937963287879,0.07996524658565114
0.2046987577546228,0.1594281566682948,1.0330594118157808,0.005182822891544393,0.05631222007695226,0.12296727596173083,0.01280168367014149,9.430050677538783e-18,0.16952836660267795,0.5543817944692393,0.07882583632771374
0.20542719238717527,0.15952382368621823,1.0370061885713628,0.005315823763029155,0.05805427045238967,0.12165073777249866,0.012653792081115204,0.0,0.1709691776310964,0.5536697881302414,0.07768641016962959
0.20615562701973095,0.15962114644191414,1.0409374366960502,0.0054488800835177376,0.05979628598611542,0.12033418427552463,0.012505899403843924,6.9019269712650245e-18,0.17240998975651056,0.5529577739726739,0.07654698652181388
0.20688406165228967,0.15972012190867746,1.0448530821164055,0.005581928128870392,0.061538306815029406,0.11901763841140389,0.012358005161674474,0.0,0.17385079893208452,0.5522457628181131,0.07540755973282426
0.20761249628484588,0.15982074701598678,1.0487530524937396,0.005714978723834312,0.0632803168745037,0.11770109153347381,0.012210111912633497,0.0,0.1752916180290775,0.5515337525034799,0.07426813042299728
0.20834093091741007,0.15992301864993275,1.0526372772258876,0.005848034302018573,0.06502233199241735,0.11638453939498478,0.012062219223426318,0.0,0.17673242990467886,0.5508217399037723,0.07312870527870184
0.20906936554996494,0.16002693365367385,1.0565056874479672,0.005981082379824637,0.06676435229957786,0.11506799249439066,0.011914323325992125,0.0,0.1781732414247871,0.5501097290113259,0.07198927906410181
0.2097978001825234,0.16013248882791384,1.0603582160332021,0.006114138687829671,0.06850636642151034,0.11375144482659252,0.011766426783701472,3.748252404261113e-18,0.1796140551770727,0.5493977137458679,0.0708498543574255
0.21052623481508606,0.1602396809313477,1.0641947975928976,0.006247196505818139,0.07024837404736012,0.11243488430473435,0.011618538712351719,1.2865631832261301e-17,0.18105486922342034,0.5486857153826243,0.06971042182369104
0.21125466944764937,0.1603485066811327,1.0680153684761438,0.006380239486029538,0.07199039744961185,0.11111833902286164,0.011470645499278304,0.0,0.18249568163751934,0.5479736983943136,0.06857099851038567
0.21198310408020146,0.1604589627533845,1.0718198667688563,0.006513290232780558,0.07373241531647054,0.10980179008922882,0.011322747745986583,4.5905816340467254e-18,0.1839364945199683,0.5472616911502156,0.06743157094534966
0.21271153871276302,0.16057104578362408,1.0756082322930047,0.006646328474946243,0.07547443609026952,0.10848524569036282,0.011174857015368326,0.0,0.18537731036370186,0.5465496786547598,0.06629214371059154
0.21343997334531672,0.16068475236728458,1.0793804066043362,0.006779383326628143,0.07721645294921547,0.10716869031511983,0.011026966048202138,0.0,0.18681812073409126,0.545837667801633,0.06515271882511027
0.2141684079778772,0.1608000790601622,1.0831363329909391,0.0069124098259915785,0.07895848374435958,0.10585215073438968,0.010879075144320998,3.3270850995408705e-18,0.18825893362834878,0.5451256544470435,0.06401329247554587
0.21489684261044398,0.16091702237894404,1.086875956470154,0.007045430839143283,0.08070051780093146,0.10453561412087313,0.010731187636808942,0.0,0.18969974652033575,0.5444136343854278,0.06287386869647969
0.21562527724299235,0.16103557880166217,1.090599223785816,0.007178434176970038,0.08244256377457347,0.1032190772697145,0.010583301142175823,0.0,0.19114056022216097,0.543701617768848,0.06173444564555742
0.21635371187554814,0.16115574476821812,1.0943060834051461,0.007311426567017646,0.08418461807878293,0.10190255521503298,0.010435411132371257,3.726770985353364e-18,0.19258136921879188,0.5429895993450052,0.06059502044299818
0.2170821465081188,0.16127751668085596,1.0979964855147033,0.007444408172854224,0.08592668277644087,0.10058603742864285,0.010287522951362317,0.0,0.1940221753532826,0.5422775739212075,0.059455599396209806
0.21781058114066795,0.16140089090467616,1.101670382015942,0.007577409974249697,0.08766872717375011,0.09926951885022667,0.010139634356861257,3.5093518438986475e-18,0.1954629878046412,0.5415655465156716,0.05831617532459953
0.21853901577322662,0.16152586376813322,1.1053277265213415,0.007710451586181734,0.08941074286270684,0.0979530001299092,0.009991738201148936,0.0,0.19690380021676135,0.5408535225633437,0.05717674443994824
0.21926745040578513,0.1616524315635164,1.1089684743489145,0.007843519680681772,0.09115272931447926,0.09663648176317359,0.009843836744991499,1.867353342780259e-18,0.19834462358426547,0.5401415034861831,0.05603730542622548
0.21999588503835613,0.16178059054743593,1.1125925825173648,0.007976530901154907,0.09289477476326892,0.095319931473176,0.009695951464516905,6.339782247258557e-18,0.19978543353481168,0.5394294956545481,0.05489788220852342
0.22072431967091224,0.1619103369414331,1.1162000097392462,0.00810954267155496,0.09463682590814887,0.09400337612766695,0.009548066555237308,0.0,0.201226241235995,0.5387174822872849,0.05375846521411199
0.2214527543034655,0.16204166693239902,1.1197907164159477,0.008242539126854173,0.09637888386587883,0.09268682722872872,0.009400183294421367,0.0,0.20266705050600928,0.538005469136176,0.05261904684193178
0.22218118893602948,0.1621745766731252,1.1233646646306903,0.008375540447105978,0.09812093392721094,0.09137027787708614,0.009252297157522987,0.0,0.20410786216033341,0.5372934670785615,0.051479621352179
0.22290962356858812,0.1623090622827824,1.1269218181417033,0.008508541544735185,0.09986298902082964,0.09005371754451648,0.009104415206326096,0.0,0.20554867133403618,0.5365814651204953,0.05034020022906114
0.2236380582011477,0.1624451198474745,1.1304621423750494,0.008641560222432973,0.10160502876817434,0.08873714866851194,0.008956533611831186,0.0,0.20698948563409572,0.5358694654201827,0.049200777674771226
0.22436649283370813,0.16258274542074205,1.1339856044169552,0.008774634678000668,0.10334702463315533,0.08742056419202258,0.00880864782048971,1.442415051324248e-17,0.20843030571267263,0.5351574772733372,0.04806134569032185
0.22509492746625612,0.16272193502407448,1.1374921730058802,0.008907804720845701,0.10508894868765062,0.08610395096402511,0.008660751641324658,0.0,0.20987113452957953,0.534445510563839,0.046921898892735424
0.22582336209881282,0.16286268464748596,1.1409818185241445,0.009041193167744313,0.10683072774401468,0.08478723852605699,0.008512845983722001,2.6383247377990188e-18,0.2113119726247806,0.5337335859053028,0.04578243604837849
0.2265517967313725,0.16300499025005627,1.1444545129888015,0.009174949778260695,0.10857228969039585,0.08347032239819732,0.008364942397868159,0.0,0.21275279468103278,0.533021748414574,0.044642952639671385
0.22728023136393682,0.1631488477582433,1.1479102300584545,0.009305237367435201,0.11031623913445236,0.08215460646482677,0.008217317364327289,0.0,0.21419346868279174,0.532309304397472,0.04350382658869473
0.22800866599648748,0.16329425307341874,1.1513489449745478,0.009438598764942595,0.11205797421975586,0.08083809339034581,0.008069340931237642,0.0,0.21563434436304107,0.5315973245116549,0.042364323819022096
0.22873710062904862,0.1634412020633423,1.154770634615761,0.009571961442031469,0.11379974566730704,0.0795215245425601,0.007921381523882848,7.40923688906345e-18,0.21707519100505035,0.5308853551808719,0.04122484063829642
0.2294655352616072,0.1635896905679891,1.1581752774504082,0.009705125564341126,0.11554170166270168,0.0782049382954259,0.007773467121027096,5.252378575437166e-18,0.21851599670562608,0.5301733612643036,0.04008540938657454
0.23019396989417296,0.16373971439898277,1.1615628535342952,0.009838073661826574,0.11728382713523688,0.07688836548024895,0.007625591963320825,0.0,0.21995677916126144,0.5294613505846725,0.038946012013432944
0.23092240452672289,0.16389126934009138,1.1649333445001215,0.009970839568492347,0.11902607950732355,0.07557181391882511,0.007477750664556461,4.167367875923432e-18,0.22139755197113828,0.5287493322280966,0.03780663214156763
0.23165083915928616,0.16404435114774282,1.1682867335473208,0.0101035113318175,0.12076840179320089,0.07425522506635608,0.0073299558160179,0.0,0.22283831856911857,0.5280373166855636,0.036667270737925375
0.23237927379184137,0.16419895555163894,1.1716230054297756,0.010236846658300923,0.12251015664970168,0.0729384507590475,0.00718208151622566,0.0,0.22427922006757636,0.5273254627310998,0.03552778161804802
0.23310770842439815,0.16435507825517776,1.1749421464457523,0.010370964182468698,0.1242513495951122,0.071621714719156,0.007034030696582243,4.4365246618545214e-18,0.22572017519541254,0.5266135366845565,0.03438822892671182
0.23383614305696535,0.16451271493440178,1.1782441444374439,0.01050239824330887,0.12599461748687166,0.07030570061553272,0.006886290131810892,5.274813788547315e-19,0.22716077506090007,0.5259011848425656,0.03324903361901022
0.23456457768952227,0.16467186124295344,1.1815289887472986,0.010635328558516679,0.12773674309267122,0.06898915540137085,0.006738414982869621,7.121793873039976e-18,0.22860156416555227,0.5251891604174067,0.03210963338161276
0.2352930123220691,0.16483251280920933,1.1847966702304493,0.010771439871620771,0.12947657024878584,0.06767136432729791,0.006590285480640422,0.0,0.23004268244247836,0.5244777457471766,0.030969911882000017
0.2360214469546285,0.16499466523292342,1.1880471812704034,0.010904167339979178,0.13121878969831466,0.06635499648902042,0.006442376782889987,9.736876641836888e-18,0.2314834997816964,0.5237656667249242,0.029830503183175042
0.23674988158719568,0.16515831409540077,1.191280515696876,0.01103707840262467,0.1329609064817622,0.06503849790198385,0.006294480128700374,4.281584170649191e-19,0.23292430585390542,0.5230536441870398,0.028691087043983824
0.23747831621975884,0.16532345495149456,1.1944966688344278,0.011167523884086837,0.13470478888906542,0.06372299401188193,0.006146815995226007,5.575948081582354e-18,0.23436484154562126,0.5223411267072203,0.027551908966898197
0.23820675085231605,0.16549008333704246,1.1976956374397476,0.011300582532160625,0.13644678782106082,0.06240641664792897,0.00599894133793209,1.607947506825551e-17,0.23580566636038433,0.5216291254622886,0.026412479838244574
0.23893518548487608,0.16565819476378996,1.20087741972883,0.01143611635040258,0.13818737807599435,0.06108688185152798,0.005851676071624445,0.0,0.23724650631007277,0.5209184337148478,0.025273007625530135
0.23966362011743192,0.16582778471658172,1.2040420153877074,0.011567612404284684,0.13993029161044235,0.059772278346368224,0.005703352930665958,1.0296227062838288e-17,0.2386872531578857,0.520205658197114,0.024133553353239117
0.2403920547499893,0.16599884868963144,1.207189425299346,0.011698359405742561,0.14168085099625452,0.0584421293799426,0.005561820987600097,0.0,0.24012270312047482,0.5194951801320957,0.022998955977889757
0.24112048938254743,0.16617138207802118,1.2103196523220638,0.011831650105773032,0.14342118214893404,0.05712875936575584,0.005412518927994951,3.529486016299163e-18,0.24156467423251268,0.5187827028369664,0.021858512382063055
0.24184892401510405,0.16634538034121865,1.2134327000909684,0.0119648487020334,0.1451614455149229,0.05581573559175082,0.005263079473999815,0.0,0.2430067395978387,0.5180701657274467,0.020717985392007712
0.24257735864766597,0.1665208388978533,1.2165285737716607,0.012097819180327872,0.1469048532115374,0.05449631952154808,0.005116392565117694,0.0,0.24444656833922368,0.5173585976718038,0.01957944951044144
0.24330579328022361,0.16669775312558985,1.2196072800516593,0.01223078299773362,0.1486481956414072,0.053177142904178,0.004969581571338926,1.4108735766687217e-18,0.2458864555535945,0.5166469769763251,0.01844086435542271
0.24403422791278262,0.1668761183943196,1.2226688268878614,0.01236376621931843,0.15039144185608516,0.05185820876028812,0.004822643257853069,6.106353610292423e-18,0.24732641169986547,0.5159353080788976,0.01730222012769203
0.24476266254534687,0.16705593002492575,1.2257132237975332,0.012499688307294528,0.1521239925166621,0.050554936450687614,0.004668515790253986,1.8560371110125422e-17,0.2487730911693668,0.5152221043433832,0.016157671422351767
0.2454910971778947,0.16723718340563865,1.2287404809938114,0.012632254798663608,0.15386623526508428,0.049239253877697786,0.0045203825180051855,0.0,0.25021392042292634,0.5145097433098719,0.015018209807751001
0.24621953181045741,0.16741987383122195,1.2317506105538574,0.012765148463526738,0.15560838311376865,0.047923028555220154,0.004372387296686903,0.0,0.25165467746679104,0.513797582621554,0.013878792482452499
0.24694796644301772,0.16760399660245912,1.234743625677846,0.012898502524907656,0.15735021122716,0.04660638086745663,0.004224476439358796,0.0,0.2530954874775034,0.5130855840782984,0.012739357385315217
0.24767640107558386,0.16778954700396834,1.2377195408404802,0.01303210129533706,0.15909185116310304,0.04528945044401226,0.004076607731086874,1.810106448951435e-18,0.25453636872097,0.5123737075498924,0.011599913095598366
0.24840483570813326,0.16797652030391078,1.240678371781233,0.013164894940850248,0.16083390197559672,0.04397320172494238,0.003928632078843385,0.0,0.25597731378107125,0.5116616044495793,0.010460451049116744
0.24913327034068658,0.16816491175630438,1.2436201354760104,0.01329701818729067,0.16257648347560474,0.04265739911572199,0.003780633809481983,3.519402128555073e-18,0.2574181137085872,0.5109492998315849,0.00932105187172857
0.24986170497325663,0.1683547166012934,1.2465448501229834,0.013429861429398638,0.16431865459356965,0.04134096777981024,0.003632732849362082,7.418937104405408e-18,0.25885890067683004,0.5102372383692366,0.008181644301792764
0.250590139605819,0.1685459300635167,1.2494525351425447,0.01356295538492054,0.166060636530025,0.04002436781388034,0.003484849017775865,1.415590317083536e-18,0.2602997265903657,0.5095252493426337,0.007042215320398881
0.2513185742383749,0.16873854735412908,1.2523432111507025,0.01369604427417375,0.16780262386280972,0.03870777426735325,0.0033369620703750276,0.0,0.2617405515902795,0.5088132554558583,0.005902788479150463
0.2520470088709335,0.16893256367118717,1.255216899943962,0.013829125633949104,0.16954461860580117,0.03739118014588408,0.0031890762317864424,2.1504771275725995e-18,0.26318137552606985,0.5081012592863189,0.004763364570190495
0.2527754435034931,0.16912797419999057,1.2580736244844408,0.01396221738210865,0.1712866124567031,0.03607457850973888,0.0030411873976790983,6.113630187478954e-18,0.2646221950998166,0.5073892678659043,0.0036239412880493364
0.2535038781360591,0.1693247741134155,1.2609134088851757,0.014095170931612857,0.17302864236883278,0.03475891308064697,0.00289302244253943,7.597115526108766e-18,0.2660628576196576,0.5066770432906875,0.002484350266022787
0.254232312768622,0.16952295857349495,1.2637362783858197,0.014229215633451532,0.17476994318095093,0.03344254358160414,0.0027448888284598177,2.0043853520554744e-18,0.26750357831634897,0.5059651644289096,0.0013446660302749984
0.2549607474011725,0.16972252272734492,1.2665422593706182,0.01435936804288349,0.1765143236045187,0.03212601974872802,0.002597547912626474,5.419310884230506e-18,0.26894413264144434,0.505252722967379,0.0002058850824199986
0.25568918203371627,0.16992372095105157,1.269329442802444,0.014564326601579003,0.1789423145794815,0.030107240536949686,0.002443498237173851,0.0,0.2703038680116614,0.5036387520331547,8.235636996245168e-18
0.2564176166663052,0.17012704769754797,1.2720941178680338,0.014781885242809606,0.18152370561777323,0.027932899831067635,0.002289304338502852,7.49997710302245e-18,0.2716454864012867,0.5018267185685599,0.0
0.25714605129886303,0.17033250795566215,1.2748362241891402,0.014999160082751895,0.1841053019068597,0.02575828225635757,0.002135337058575673,6.835518910363899e-18,0.2729870495623382,0.500014869133117,0.0
0.2578744859314191,0.17054009401448678,1.2775557981861523,0.0152164385400008,0.18668692723915023,0.023583478302451073,0.0019814724518670487,4.238526947177299e-18,0.2743285655444118,0.49820311792211913,3.265435785228778e-18
0.25860292056389794,0.17074979812087202,1.280252878595799,0.015433797219223938,0.18926851640892528,0.0214086003515017,0.001827635390649537,0.0,0.275670059558679,0.4963913910710206,1.3219395406733484e-17
0.2593313551965296,0.17096161248080835,1.282927506437453,0.01565125226254376,0.19185005430977972,0.019233692328214497,0.0016737935970989374,0.0,0.27701154225572755,0.4945796652466354,7.241735530881477e-18
0.2600597898290351,0.17117552926045537,1.2855797249745842,0.015868756958646212,0.19443156852167498,0.017058785710767906,0.0015199364551863439,3.4221179225145738e-18,0.2783530178898005,0.4927679344639241,0.0
0.2607882244616754,0.17139154058768347,1.288209579682964,0.01608630839280177,0.19701305506656516,0.014883883784384882,0.0013660652919614245,0.0,0.27969449291133214,0.49095619455295464,2.1645319683925446e-18
0.26151665909419364,0.1716096385529119,1.2908171182115395,0.0163036653318366,0.19959465685586913,0.012708957089307627,0.0012122549425769291,0.0,0.2810359704472587,0.489144495333151,0.0
0.2622450937267174,0.1718298152111195,1.2934023903456737,0.01652085582145963,0.20217628203862917,0.010534591415713194,0.0010580537199496357,4.132847481301467e-18,0.28237763506117053,0.48733258194307777,0.0
0.26297352835931587,0.17205206258119923,1.2959654479822609,0.016738300036869228,0.2047578685019375,0.008359617049067142,0.000904149866321973,4.0460350447044884e-18,0.2837191167944897,0.4855209477513145,3.402431535042436e-18
0.26370196299187076,0.1722763726491886,1.298506345077288,0.01695595236531739,0.20733941592405117,0.006184287859528948,0.000750401568739003,0.0,0.2850604668440161,0.4837094754383473,0.0
0.2644303976244999,0.17250273736870325,1.3010251376174262,0.01717384606523374,0.20992085400728933,0.004008771052219736,0.0005967351437429878,0.0,0.28640174201024293,0.4818980517212713,1.0073541276036884e-17
0.26515883225698983,0.172731148661744,1.3035218835828732,0.017393174782286514,0.21250155519610547,0.0018327626286217698,0.0004432486463056585,6.023650036735819e-18,0.2877426834954104,0.48008657525127024,2.6081988332721432e-18
0.2658872668895519,0.17296161000469468,1.3059965554403699,0.017534691826017156,0.2150932928736406,0.0,0.00012889376675737421,1.2875093951798806e-18,0.2891352596099894,0.47810786192359545,4.154396759823128e-18
0.26661570152206315,0.1731949064370142,1.3084432226329732,0.01680285089266721,0.21755963720769336,5.294635078502939e-18,3.50679594779858e-18,0.0,0.29089693737176847,0.474740574527871,8.12934706489047e-18
0.2673441361546736,0.17343166496504253,1.310857139038006,0.016014856426026784,0.2200020516611548,2.910422406180459e-18,6.8974227013132776e-18,3.6907268552120764e-18,0.29267139904695866,0.4713116928658598,5.880827143253687e-18
0.268072570787159,0.17367187454398816,1.3132383777512118,0.015226476920582148,0.2224449662015755,4.142955793247851e-18,1.6310315417308167e-18,0.0,0.2944455528273058,0.4678830040505364,1.1955932072026239e-17
0.26880100541974816,0.1739155208734936,1.3155870405964418,0.01443963422039595,0.2248860895282863,2.1129325148487793e-18,4.440845976758061e-19,0.0,0.29622065915897317,0.4644536170923447,5.682803008348686e-18
0.269529440052323,0.17416258953084404,1.3179032343893435,0.013651950313913254,0.22732808606352162,6.471984398328287e-18,5.336042851137364e-18,0.0,0.29799538882497606,0.4610245747975892,1.2904923439413603e-17
0.27025787468490653,0.1744130659719182,1.32018707085844,0.012863345120291468,0.22977116874133002,2.966216993863721e-18,0.0,1.4177372186878844e-18,0.2997695307987659,0.45759595533961267,4.790698722776309e-18
0.27098630931744133,0.1746669355358395,1.322438666533116,0.012076038117295561,0.2322128060007548,9.206094505314844e-20,2.598422007222602e-19,0.0,0.3015443860927079,0.45416676978924186,0.0
0.2717147439500542,0.17492418344972574,1.324658142632693,0.011287117131447864,0.23465622953410828,0.0,1.1517332848588327e-18,4.368440451994599e-18,0.3033183690550368,0.450738284279407,0.0
0.27244317858257494,0.17518479483019464,1.3268456249749325,0.010499346482097592,0.2370980143846397,0.0,0.0,4.058122942761419e-18,0.3050934670495194,0.4473091720837434,0.0
0.2731716132151078,0.17544875468935817,1.329001243855798,0.009712324386820537,0.23953969733128036,0.0,4.996583332180134e-18,0.0,0.30686798916464214,0.44387998911725696,0.0
0.2739000478477137,0.17571604793839993,1.331125133941728,0.008924403769198617,0.24198014211604846,1.474965669453327e-18,2.4691320744603744e-18,0.0,0.3086450384501999,0.44045041566455295,5.702509319494283e-18
0.2746284824802664,0.17598665938494953,1.3332174342092882,0.00813528479134633,0.2444251481489915,0.0,0.0,8.477035121800386e-18,0.310417074583349,0.4370224924763132,8.628363974450652e-20
0.2753569171127893,0.176260573749189,1.3352782877451188,0.007348463361557044,0.24686667501354564,1.8098388142855414e-18,7.754811458427682e-18,0.0,0.3121916160847772,0.43359324554012013,0.0
0.27608535174536614,0.17653777565601997,1.3373078417243305,0.006560432535768689,0.24930902053701334,1.9904400775225363e-18,5.5923923875672684e-18,0.0,0.3139662054294656,0.4301643414977525,1.326190021366238e-17
0.2768137863779798,0.1768182496442138,1.3393062472594683,0.005770334797687182,0.25175229264986204,8.732496043731083e-20,0.0,3.195430614613917e-18,0.31574151420841734,0.4267358583440335,0.0
0.27754222101038656,0.17710198016570622,1.3412736593240187,0.004983370581307537,0.25419416805137846,0.0,0.0,5.7579539746944644e-18,0.3175157214521307,0.4233067399151834,0.0
0.27827065564303455,0.1773889515958763,1.343210236598374,0.004196761098645747,0.2566360621129499,5.265374002743824e-19,3.545255027450798e-18,0.0,0.3192895654442666,0.4198776113441377,1.9595658535189187e-19
0.27899909027559305,0.17767914823144107,1.3451161413959387,0.003408835211227931,0.2590783909889669,0.0,0.0,7.582724916283274e-18,0.32106407724447794,0.41644869655532735,0.0
0.27972752490809955,0.177972554295582,1.3469915395491434,0.0026199716381999777,0.26152082262906695,3.0736739865281698e-18,7.420684106016978e-18,0.0,0.32283934401110975,0.4130198617216234,1.6222517081960553e-17
0.28045595954070424,0.1782691539408213,1.348836600304541,0.0018328776865550222,0.2639630768080534,0.0,1.4483320469733143e-19,3.224883382062512e-18,0.32461316375228194,0.40959088175310954,0.0
0.2811843941732153,0.17856893125444454,1.3506514961975629,0.001044424837732325,0.26640559207188647,0.0,0.0,7.078642708618166e-18,0.3263879262393602,0.4061620568510212,0.0
0.28191282880574803,0.17887187025941106,1.352436402967728,0.00025637230129147147,0.2688482857663349,4.507610930269486e-18,2.149100610405167e-18,4.7478454487694496e-18,0.3281620664315971,0.4027332755007766,0.0
0.28264126343840384,0.17917798670867316,1.3541912591802703,0.0,0.27091653932163706,1.4627682722196538e-18,0.0,0.0,0.3299347915315403,0.39914866914682273,0.0
0.2833696980709522,0.17948736501159435,1.355915487729352,8.272248912948797e-18,0.2728042739227408,2.956525171277398e-18,8.801288777573547e-18,0.0,0.3317067893077681,0.39548893676949115,7.037461952416418e-18
0.2840981327035094,0.17979999576308822,1.3576092238908783,0.0,0.2746920116358053,2.3701786523812404e-18,4.1960108308194965e-18,0.0,0.3334787828845793,0.3918292054796154,6.496020298304136e-18
0.28482656733592543,0.18011586202713661,1.3592726624989828,0.0,0.2765801891806911,4.641278760745385e-18,3.763907180162443e-18,0.0,0.3352501829247383,0.3881696278945707,0.0
0.2855550019686796,0.1804349468116475,1.360906001346899,0.0,0.2784674838778469,8.469502708475549e-18,8.081624807714575e-18,0.0,0.33702277433533295,0.38450974178682024,0.0
0.2862834366012007,0.18075723307193486,1.3625094410644623,0.0,0.28035521644463673,6.742790375875055e-18,1.2292248495561092e-18,0.0,0.33879477485662574,0.38085000869873764,1.3152894740281054e-17
0.2870118712337309,0.18108270371432747,1.3640831850147985,0.0,0.28224295028596375,0.0,0.0,3.155427830605079e-18,0.3405667736580346,0.3771902760560018,7.530766798997498e-18
0.28774030586602956,0.18141134159938818,1.3656274391769618,1.0361393140450951e-17,0.284130683451985,0.0,0.0,1.0477556971074003e-17,0.34233877336936913,0.3735305431786459,2.0916277172673835e-18
0.28846874049885823,0.18174312954591754,1.3671424120386484,0.0,0.2860184226135958,6.072279763534514e-18,4.355264364764871e-18,0.0,0.3441107649930335,0.3698708123933707,0.0
0.28919717513141696,0.18207805033315275,1.3686283144808211,8.350506248440236e-18,0.2879061557551243,5.1778010518284355e-18,6.51761145800061e-18,0.0,0.345882764738962,0.3662110795059138,0.0
0.2899256097639755,0.18241608670527956,1.3700853596742686,1.8290456069184272e-17,0.28979389486462415,0.0,0.0,1.958170216894601e-17,0.3476547564313461,0.36255134870402994,0.0
0.2906540443965342,0.1827572213741009,1.3715137629689045,4.466154666466716e-17,0.29168162762806593,0.0,0.0,9.289485213677867e-18,0.34942675668748796,0.358891615684446,0.0
0.29138247902909276,0.18310143702238987,1.3729137417875832,0.0,0.29356936643983234,3.381832859985426e-19,6.823450466158914e-18,0.0,0.35119874878165164,0.355231884778516,1.2607513197496688e-17
0.2921109136538726,0.18344871630335208,1.3742855155060352,0.0,0.2954571006951309,1.2379179337283738e-19,0.0,3.3394436949029634e-18,0.35297074697846437,0.3515721523264047,1.6766038823642333e-18
0.2928393482863601,0.18379904185859844,1.3756293054066966,0.0,0.2973448372426086,0.0,0.0,0.0,0.3547427421277759,0.34791242062961547,6.586342967553364e-18
0.29356778292676866,0.18415239630295047,1.3769453345023133,0.0,0.299232571662891,0.0,0.0,7.363066301251212e-18,0.35651474019462365,0.3442526881424855,0.0
0.29429621755309104,0.18450876222375648,1.378233827424967,0.0,0.30112031049551496,0.0,0.0,0.0,0.3582867322236623,0.3405929572808226,0.0
0.2950246521845231,0.18486812221485657,1.3794950104384658,0.0,0.30300804025855976,0.0,0.0,5.50568454700961e-18,0.36005873652204134,0.3369332232193989,5.3487824853151575e-20
0.2957530868163331,0.18523045884785086,1.3807291112225224,3.3937803254172575e-17,0.30489577804319723,2.3444319264311812e-27,3.80196569201129e-28,3.1646677587593217e-19,0.3618307299978367,0.3332734919589659,1.2125278946778546e-20
0.2964815214570031,0.18559575469321699,1.3819363588405227,0.0,0.3067835135222737,1.0078131734042963e-18,7.04987551774622e-18,0.0,0.3636027266374337,0.3296137598402927,1.871613137690814e-17
0.29720995608956174,0.18596399230380972,1.3831169835790436,0.0,0.30867124446458005,0.0,0.0,3.793339425509656e-18,0.3653747293511261,0.3259540261842939,0.0
0.29793839072212036,0.18633515424300934,1.3842712169370335,1.6444723488550205e-17,0.31055898402665344,0.0,1.950682586350414e-18,0.0,0.36714672043278007,0.32229429554056643,3.6540976593755625e-18
0.298666825354679,0.18670922307087254,1.3853992914773805,0.0,0.3124467189503437,3.616360879986424e-18,0.0,0.0,0.3689187177737508,0.3186345632759054,1.434577486826565e-17
0.29939525998723765,0.18708618135089425,1.3865014407489684,3.480412494408654e-17,0.31433445213846756,0.0,0.0,3.240970637402248e-17,0.3706907174568004,0.3149748304047322,0.0
0.3001236946197962,0.1874660116526688,1.3875778991967105,4.7642154881779585e-18,0.3162221911005696,3.3387860040432097e-18,0.0,0.0,0.3724627093480922,0.3113150995513382,0.0
0.3008521292523548,0.18784869655450237,1.3886289020731708,1.7341850042219782e-17,0.3181099228763251,0.0,0.0,2.3661954907141298e-17,0.3742347109370774,0.3076553661865975,0.0
0.30158056388491356,0.18823421864597456,1.3896546853517993,0.0,0.31999765836750255,0.0,0.0,4.230485439720464e-20,0.37600670751224696,0.3039956341202505,0.0
0.30230899851747206,0.1886225605304509,1.3906554856417896,0.0,0.3218853924742502,0.0,7.586699839038189e-18,5.573209764816954e-18,0.37777870595564883,0.30033590157010104,1.8846928719963195e-17
0.30303743315003073,0.18901370482754626,1.3916315401045805,1.8820510478157675e-17,0.32377313266489854,0.0,0.0,1.789435058006794e-17,0.37955069618906584,0.2966761711460358,0.0
0.30376586778258924,0.1894076341755368,1.3925830863720081,1.85567413666105e-17,0.3256608667539654,0.0,8.089383089486996e-18,0.0,0.3813226946563279,0.2930164385897066,5.269168626103613e-18
0.3044943024151479,0.18980433123372414,1.3935103624661278,0.0,0.32754860586730006,2.468331884610147e-18,8.726936102201477e-18,0.0,0.3830946863435377,0.2893567077891623,1.7968987855696947e-17
0.3052227370477065,0.19020377868474803,1.3944136067207067,4.822712183078036e-17,0.3294363386607335,0.0,0.0,9.83380909517748e-18,0.38486668655920614,0.28569697478006034,3.6780903044613016e-18
0.30595117168026525,0.19060595923685084,1.3952930577043972,0.0,0.33132407133635033,0.0,0.0,8.446883158752741e-18,0.3866386869338646,0.28203724172978506,0.0
0.30667960631282376,0.1910108556260913,1.3961489541456011,2.0070878707068234e-17,0.333211809225347,0.0,0.0,1.7081521962696196e-17,0.38841068027326947,0.27837751050138365,0.0
0.30740804094538243,0.19141845061851026,1.3969815348590224,0.0,0.33509954511947976,2.0764213882736607e-18,0.0,7.087814542350244e-18,0.39018267630466635,0.27471777857585383,0.0
0.30813647557794105,0.19182872701224563,1.3977910386739116,0.0,0.336987278933558,6.97820897880744e-20,0.0,4.223567624832923e-18,0.3919546751430149,0.2710580459234271,0.0
0.30886491021049967,0.19224166763959974,1.3985777043640064,0.0,0.3388750097057913,8.42998443116945e-18,1.678522200589523e-17,0.0,0.39372667808621375,0.2673983122079951,2.305402851052048e-17
0.3095933448430582,0.19265725536905706,1.3993417705791629,4.953534731646857e-17,0.34076274972221066,0.0,0.0,2.4231130657762578e-17,0.3954986685547459,0.2637385817230434,0.0
0.3103217794756169,0.19307547310725373,1.4000834757786802,2.737344187911729e-17,0.34265048609403337,0.0,4.859864134583151e-18,5.081781108749046e-18,0.39727066394151844,0.2600788499644483,0.0
0.31105021410817546,0.19349630380089883,1.400803058166305,9.093348475426973e-18,0.3445382255253747,0.0,0.0,5.452308340071944e-18,0.39904265519959026,0.2564191192750352,1.9287658938459848e-17
0.3117786487407341,0.19391973043864738,1.4015007556269259,5.0100915106927364e-18,0.3464259616362507,1.8980094308403066e-18,0.0,0.0,0.40081465093850027,0.25275938742524906,0.0
0.3125070833732927,0.1943457360529262,1.4021768056649353,3.200504965689347e-17,0.34831368845544003,7.559409196825337e-18,0.0,1.1918106883957802e-17,0.40258665921617737,0.2490996523283827,0.0
0.31323551800585137,0.19477430372171203,1.4028314453442612,2.29631596896959e-18,0.35020142411185495,0.0,0.0,1.4387980647326802e-17,0.4043586555683651,0.24543992031977996,0.0
0.31396395263841,0.19520541657026286,1.4034649112300557,6.720410043581374e-17,0.3520891610663172,8.283552784926398e-19,5.673935389049596e-18,0.0,0.40613065016888805,0.24178018876479476,9.567815222163223e-18
0.31469238727096854,0.19563905777280272,1.4040774393320332,6.174072257071391e-17,0.3539769009595246,0.0,0.0,5.444964783015548e-18,0.4079026408036898,0.23812045823678554,0.0
0.31542082190352727,0.19607521055416033,1.4046692650494437,4.45533373334194e-18,0.3558646323694802,2.9611817599581927e-18,0.0,3.669008981031736e-18,0.409674642886308,0.23446072474421187,0.0
0.31614925653608583,0.19651385819136172,1.4052406231176664,2.45145998103684e-17,0.3577523736062773,2.132094658548752e-18,1.4382921860962288e-17,0.0,0.4114466317079879,0.23080099468573476,3.342508381576076e-17
0.3168776911686445,0.19695498401517803,1.4057917475564232,0.0,0.35964010674194735,0.0,0.0,1.1427459881072584e-17,0.4132186314618221,0.22714126179623062,0.0
0.317606125801203,0.1973985714116277,1.4063228716195801,0.0,0.3615278397097266,2.493690187903903e-17,1.0041220751365434e-17,0.0,0.4149906314422176,0.22348152884805583,9.001226274604103e-18
0.31833456043376174,0.19784460382343516,1.406834227746536,1.2697901051045881e-17,0.3634155757133998,0.0,0.0,2.0682381054137905e-17,0.41676262732579394,0.2198217969608064,0.0
0.3190629950663203,0.19829306475144454,1.407326047515171,0.0,0.36530331409139566,1.1908595692729563e-18,3.0476658275157218e-18,4.722180764530867e-18,0.41853462000531383,0.21616206590329065,0.0
0.31979142969887897,0.19874393775599106,1.4077985615963513,2.2432654314312442e-18,0.36719105007285824,1.6531466102421885e-17,6.9192589792962445e-18,0.0,0.4203066159188625,0.21250233400827925,0.0
0.32051986433143753,0.19919720645822814,1.40825199970996,0.0,0.369078784806726,1.0624617627111159e-17,8.867179116863433e-19,0.0,0.4220786135159912,0.2088426016772828,2.5473459475633276e-17
0.3212482989639962,0.19965285454141335,1.4086865905824442,0.0,0.3709665146824175,0.0,4.412862666491305e-18,0.0,0.42385061766903864,0.20518286764854388,0.0
0.3219767335965548,0.20011086575215153,1.4091025619058524,6.315703767580598e-17,0.3728542557808671,0.0,0.0,2.5922883469125464e-17,0.4256226066774131,0.20152313754171985,0.0
0.32270516822911344,0.20057122390159687,1.4095001402983545,0.0,0.3747419901532933,1.0895181912994035e-18,4.580091195103897e-18,0.0,0.4273946047622928,0.19786340508441386,1.011828187028406e-17
0.32343360286167205,0.20103391286661434,1.4098795512662075,0.0,0.3766297225259562,0.0,0.0,0.0,0.429166605545775,0.19420367192826876,2.0875848603231456e-17
0.32416203749423067,0.20149891659090016,1.4102410191671653,8.080846045133848e-18,0.37851746239288614,3.281829397524568e-19,2.330483653243416e-19,0.0,0.4309385962160373,0.1905439413910766,0.0
0.32489047212678923,0.2019662190860631,1.4105847671752965,0.0,0.3804051965099363,0.0,2.9900511376887454e-18,0.0,0.4327105946455368,0.18688420884452703,1.5920756184101846e-17
0.32561890675934796,0.20243580443266657,1.410911017247196,2.6787114692175818e-17,0.38229292925855674,0.0,0.0,3.299864008478347e-18,0.43448259492167923,0.18322447581976403,0.0
0.3263473413919066,0.20290765678123157,1.4112199900895657,3.218666002438864e-17,0.38418066276529717,0.0,0.0,1.3445076335601528e-17,0.43625459417476814,0.17956474305993467,1.6568840936625994e-18
0.32707577602446514,0.2033817603532022,1.4115119051281493,1.740234989049691e-17,0.3860684000144105,0.0,0.0,2.521227675478021e-17,0.43802658837767117,0.17590501160791844,0.0
0.32780421065702386,0.2038580994418734,1.4117869804779881,5.70589237240484e-18,0.3879561380715738,8.505165662995954e-18,0.0,0.0,0.43979858149014295,0.17224528043828333,3.3415557638703904e-17
0.3285326452895824,0.20433665841328172,1.4120454329149783,0.0,0.3898438659582171,0.0,0.0,5.7745681660279266e-18,0.44157058832733254,0.16858554571445047,6.421967303512749e-18
0.329261079922141,0.20481742170706002,1.4122874778487178,0.0,0.3917316088708853,6.057541198108103e-21,6.336439301857089e-18,0.0,0.44334257488749007,0.1649258162416247,3.6765225632634966e-17
0.3299895145546996,0.20530037383725638,1.4125133292966001,2.241237418696458e-17,0.3936193420529267,0.0,0.0,3.2397047995075243e-18,0.44511457457874737,0.16126608336832599,1.8131684074906616e-17
0.3307179491872583,0.20578549939311783,1.4127231998591485,0.0,0.39550708139644064,0.0,3.7379297531009996e-18,7.75373472682024e-18,0.44688656595533977,0.15760635264821946,1.2092888163340945e-17
0.3314463838198169,0.2062727830398392,1.4129173006965607,3.586864817686915e-17,0.39739480850511083,0.0,0.0,2.586175064742042e-18,0.4486585738423735,0.15394661765251574,0.0
0.3321748184523755,0.2067622095192793,1.4130958415064336,0.0,0.39928254391047885,0.0,0.0,8.18060323504196e-18,0.45043057053333896,0.15028688555618216,0.0
0.3329032530849341,0.20725376365064196,1.4132590305026622,0.0,0.40117028254405546,9.91607250519118e-18,6.386702669252927e-18,0.0,0.4522025628679632,0.14662715458798142,0.0
0.33363168771749274,0.20774743033112605,1.4134070743954659,9.549686671872511e-18,0.4030580155128797,0.0,7.007297937790835e-18,6.439046034732744e-18,0.45397456284694904,0.1429674216401713,1.1220828937739687e-17
0.33436012235005136,0.20824319453654186,1.413540178372542,5.260333937444016e-17,0.4049457510943956,0.0,0.0,2.7479738220870432e-17,0.45574655930020896,0.13930768960539558,0.0
0.3350885569826099,0.20874104132189727,1.4136585460813003,6.232698646978582e-18,0.4068334928183661,6.5349571430483084e-18,1.6781294166855605e-19,0.0,0.45751854746446796,0.13564795971716592,1.5060953416421408e-17
0.3358169916151686,0.20924095582195215,1.4137623796121728,2.889291179499855e-17,0.40872122714122044,3.8161378944640264e-18,7.184599565698047e-18,0.0,0.4592905456162433,0.13198822724253634,7.732884398444752e-18
0.33654542624772726,0.2097429232517424,1.413851879482965,0.0,0.41060895823720645,0.0,2.2993224482175438e-17,0.0,0.46106254812255115,0.12832849364024235,2.4208054071261442e-17
0.3372738608802858,0.21024692890707464,1.4139272446242273,4.184816525437153e-17,0.4124966941195051,1.5336765153470556e-17,0.0,1.3426995362442367e-19,0.46283454416991704,0.12466876171057768,1.5684757826565362e-17
0.33800229551284444,0.21075295816499182,1.413988672365623,3.141539642383288e-17,0.4143844283713165,9.311176699866055e-19,1.5556863756645437e-18,0.0,0.4646065424175615,0.12100902921112212,8.864797767050946e-18
0.33873073014540306,0.21126099648420943,1.4140363584232716,0.0,0.4162721646385904,2.870978389366715e-17,1.9050270909589272e-17,0.0,0.4663785379454188,0.11734929741599084,0.0
0.3394591647779617,0.21177102940552459,1.414070496888039,2.8807797749485386e-17,0.4181599056024563,0.0,0.0,2.8931811630962605e-18,0.4681505271354089,0.11368956726213489,0.0
0.34018759941052035,0.21228304255219738,1.4140912802147563,3.0121658907942255e-17,0.4200476394974676,0.0,7.571008570376578e-18,1.087411396507136e-18,0.4699225258645414,0.110029834637991,0.0
0.3409160340430789,0.2127970216303052,1.4140988992123393,2.4871362995685294e-17,0.42193537561432204,1.3466417503453626e-17,0.0,2.0483548321582108e-17,0.4716945215953837,0.1063701027902943,0.0
0.3416444686756376,0.21331295242907125,1.414093543034793,0.0,0.4238231032383881,0.0,3.213153646797542e-17,0.0,0.47346652878691137,0.10271036797470046,2.6477249242961044e-17
0.34237290330819614,0.21383082082116664,1.4140753991730688,0.0,0.425710849627984,0.0,0.0,4.711744863995016e-18,0.4752385106550912,0.09905063971692472,2.011246886753317e-17
0.3431013379407548,0.21435061276298847,1.414044653447759,2.023179987617528e-17,0.42759858347205404,1.597931295696426e-19,2.530438705025372e-18,0.0,0.4770105094529673,0.09539090707497869,1.4609443455306766e-18
0.34382977257331343,0.21487231429491196,1.4140014900026046,0.0,0.42948631204621,0.0,0.0,2.0320347735867604e-17,0.4787825153623853,0.09173117259140463,1.7308935366828677e-17
0.344558207205872,0.21539591154151996,1.4139460912987898,0.0,0.4313740521343316,0.0,0.0,1.9022289903799713e-17,0.480554505734158,0.08807144213151047,0.0
0.34528664183843055,0.21592139071180794,1.413878638110011,0.0,0.43326179176364354,0.0,0.0,1.9451481628528356e-17,0.48232649672507627,0.08441171151128021,0.0
0.3460150764709892,0.21644873809936674,1.413799309518287,0.0,0.4351495247653106,1.0939703337203836e-17,4.4010817755257036e-18,0.0,0.48409849665974236,0.08075197857494698,3.1343484085383224e-18
0.34674351110354784,0.2169779400825423,1.4137082829104983,1.9713301633932977e-17,0.43703726059419096,0.0,0.0,2.7393438938921913e-17,0.4858704927791941,0.07709224662661508,0.0
0.34747194573610657,0.21750898312457456,1.4136057339756274,0.0,0.43892499184841755,1.1503643938750082e-17,6.184081989542912e-18,0.0,0.4876424950719627,0.07343251307961983,1.0346649775859839e-17
0.34820038036866513,0.21804185377371393,1.413491836702685,1.8922297644890514e-17,0.44081273171173774,1.0322364871442714e-17,0.0,0.0,0.4894144857470958,0.06977278254116653,3.777850218577409e-18
0.3489288150012238,0.21857653866331797,1.4133667633792986,0.0,0.4427004681859671,3.3984578803798916e-17,2.5862325479636333e-17,0.0,0.49118648099567486,0.0661130508183581,1.64529745453242e-17
0.34965724963378236,0.2191130245119268,1.413230684590943,1.5956239106836304e-17,0.444588201061881,0.0,0.0,2.1327971797409445e-17,0.4929584811000391,0.06245331783807992,0.0
0.350385684266341,0.2196512981233201,1.4130837692207918,2.0118777508857958e-17,0.44647593800082025,0.0,0.0,1.9522442444378307e-17,0.4947304757215102,0.058793586277669584,1.7558303399369415e-18
0.35111411889889954,0.2201913463865533,1.4129261844501748,0.0,0.4483636736544235,1.7570554267683338e-17,2.0988466953239248e-17,0.0,0.4965024720774918,0.05513385426808466,0.0
0.35184255353145827,0.22073315627597645,1.4127580957596164,0.0,0.4502513982731797,1.0761604655420773e-17,2.581930337018542e-17,0.0,0.4982744833245673,0.051474118402252945,4.175606908541363e-17
0.3525709881640168,0.22127671485123376,1.4125796669304358,4.407846300210732e-17,0.45213913654198234,0.0,0.0,1.5687298884460298e-17,0.5000464761514394,0.0478143873065784,0.0
0.35329942279657545,0.22182200925724632,1.4123910600469003,2.3970948821849633e-17,0.45402687599378727,0.0,1.5562020084676638e-17,1.516562708576843e-17,0.5018184673818968,0.044154656624315766,0.0
0.35402785742913406,0.22236902672417666,1.4121924354988957,0.0,0.4559146143591348,2.3652542287419798e-17,1.278416873356623e-17,0.0,0.5035904600784858,0.04049492556237932,0.0
0.35475629206169274,0.22291775456737717,1.4119839519851134,0.0,0.45780234158180716,1.6281483772080676e-17,6.865820058959065e-18,0.0,0.5053624678116785,0.03683519060651442,2.133380978229411e-18
0.3554847266942513,0.22346818018732165,1.411765766516723,0.0,0.45969007735410183,1.5053181112634362e-17,0.0,0.0,0.5071344640074907,0.03317545863840734,0.0
0.35621316132680986,0.2240202910695215,1.4115380344215231,1.178745410616602e-17,0.46157781334889736,0.0,0.0,0.0,0.5089064599030462,0.029515726748056487,0.0
0.35694159595936864,0.22457407478442645,1.4113009093485427,2.0677500561034068e-17,0.46346555372419584,2.722147161239922e-17,1.3720708867281433e-17,5.228512311390724e-18,0.5106784498872858,0.025855996388518244,0.0
0.3576700305919271,0.22512951898730912,1.4110545432730863,0.0,0.465353282172672,0.0,0.0,5.5807926880772305e-18,0.5124504559663032,0.022196261861024802,0.0
0.3583984652244858,0.2256866114181373,1.4107990865022033,0.0,0.4672410240122286,1.3718289276139131e-17,0.0,6.948784424505959e-18,0.5142224439745835,0.018536532013187865,0.0
0.35912689985704443,0.2262453399014298,1.4105346876805556,0.0,0.4691287551973975,1.0419294232059879e-17,1.2738399836346195e-17,0.0,0.5159944463605426,0.014876798442059929,2.59533122464855e-17
0.359855334489603,0.22680569234609993,1.4102614937966884,0.0,0.4710164899313448,0.0,9.040008396820514e-19,1.150837134463685e-17,0.5177664439575634,0.011217066111091786,0.0
0.3605837691221616,0.2273676567452856,1.409979650189665,1.2165903997332759e-17,0.4729042289550922,0.0,0.0,1.6588547491862756e-17,0.5195384357656672,0.007557335279240878,0.0
0.3613122037556237,0.22793122117686615,1.409689300555703,1.449269349680121e-17,0.4747919565357995,0.0,5.036153214464826e-17,5.1221610233133675e-18,0.5213104430210628,0.003897600443137841,0.0
0.3620406383872789,0.22849637379976706,1.4093905869573464,0.0,0.47667970291898654,0.0,4.8955552993278506e-17,2.6216573787676137e-17,0.5230824248925348,0.00023787218847862155,0.0
0.3627690730198375,0.2290896615400088,1.4089202928237263,0.0,0.48835926509166155,0.0,1.1180603569702877e-17,0.0,0.5116407349083384,1.6228504095356508e-18,1.7221715562901558e-17
0.36349750765239613,0.2297448417418929,1.40807299611031,0.0,0.5007195106719161,0.0,0.0,3.359254056337494e-17,0.499280489328084,0.0,0.0
0.3642259422849548,0.23046151411301746,1.4068550383902956,7.762951240298433e-18,0.5130797562521722,0.0,8.939819469798634e-18,5.9080058292952886e-18,0.4869202437478279,0.0,0.0
0.36495437691751337,0.23123910691162752,1.4052743121936593,0.0,0.5254400018324278,8.543429749522632e-18,1.3283347678668676e-18,0.0,0.4745599981675721,0.0,1.8155624019540047e-17
0.365682811550072,0.2320770077820617,1.4033394116142406,0.0,0.5378002474126823,0.0,2.6706011624618966e-17,0.0,0.4621997525873179,2.103263025633044e-17,1.1825939232445418e-17
0.36641124618263066,0.2329745660251965,1.4010595738048457,5.4091114981919466e-17,0.5501604929929385,0.0,0.0,2.620160093311693e-17,0.4498395070070616,8.965935238192574e-18,0.0
0.3671396808151892,0.2339310949530814,1.3984446184069814,0.0,0.5625207385731933,1.8218754441402505e-17,1.7514637351282596e-17,6.740649492596963e-18,0.4374792614268069,0.0,2.1827692551731746e-17
0.3678681154477479,0.23494587430945035,1.3955048855887056,0.0,0.5748809841534499,1.850085549835269e-18,9.753277485670613e-18,2.1309294421054337e-18,0.42511901584655015,1.2395780246590034e-17,2.7675762212019288e-18
0.36859655008030645,0.23601815273805085,1.3922511733451515,0.0,0.5872412297337044,0.0,0.0,4.8372459689388014e-17,0.4127587702662957,0.0,0.0
0.36932498471286507,0.23714715028120678,1.3886946746876558,7.339299327558343e-17,0.599601475313961,0.0,2.7599562764824467e-18,0.0,0.4003985246860389,0.0,2.0971602093900057e-17
0.37005341934542374,0.23833206089168546,1.3848469153104115,0.0,0.6119617208942153,0.0,0.0,7.036620684826568e-17,0.3880382791057849,6.356480654915665e-18,0.0
0.3707818539779824,0.239572054941774,1.3807196922795366,0.0,0.624321966474472,0.0,0.0,4.395895867588704e-18,0.3756780335255282,6.153528364815195e-17,0.0
0.37151028861054086,0.2408662817144319,1.3763250142399566,4.941070588857595e-17,0.636682212054727,1.6569678648501892e-17,0.0,0.0,0.363317787945273,0.0,3.793665497006647e-17
0.3722387232430996,0.2422138718624788,1.371675043581872,5.0308180549151516e-17,0.6490424576349829,1.7206790351471055e-17,0.0,0.0,0.3509575423650172,0.0,0.0
0.3729671578756582,0.24361393982294194,1.3667820409524103,1.1952971313941127e-16,0.6614027032152389,0.0,2.055082844916524e-17,0.0,0.33859729678476097,1.778842736830552e-17,2.342548948068625e-17
0.3736955925082168,0.24506558617493424,1.361658312440557,0.0,0.6737629487954948,1.3153929390784509e-17,1.3355365480262137e-17,8.613590620897468e-17,0.3262370512045052,0.0,0.0
0.37442402714077544,0.24656789993070405,1.356316159705958,5.012523980360034e-17,0.6861231943757496,7.006688838070893e-17,1.7506192181565352e-17,0.0,0.3138768056242504,0.0,3.0244994206354025e-17
0.37515246177333406,0.24811996075079645,1.3507678332657411,6.005445105850248e-17,0.6984834399560061,4.3522858439885453e-17,0.0,1.3209622393849635e-17,0.30151656004399374,0.0,0.0
0.37588089640589273,0.24972084107555245,1.3450254890991369,5.986907441356605e-17,0.7108436855362619,0.0,0.0,1.236826878910972e-16,0.289156314463738,1.469326234530977e-17,0.0
0.3766093310384513,0.25136960816644327,1.3391011486781128,0.0,0.7232039311165165,2.0015309696313706e-17,4.215571850647649e-17,0.0,0.27679606888348346,0.0,7.451747600089877e-17
0.3773377656710099,0.25306532605196375,1.3330066624842232,6.631739560543494e-18,0.7355641766967731,0.0,2.386647984624774e-18,2.9447060913513805e-17,0.2644358233032268,3.486065335535075e-18,2.3557024646229485e-17
0.3780662003035686,0.2548070573739818,1.3267536770278183,0.0,0.7479244222770288,0.0,4.9664582125841476e-17,0.0,0.252075577722971,4.3677589454008535e-17,5.719542956286718e-17
0.3787946349361272,0.2565938651315614,1.3203536053460188,0.0,0.7602846678572828,0.0,0.0,3.0157806051854444e-18,0.2397153321427174,0.0,1.41720331383155e-18
0.37952306956868576,0.25842481432030817,1.3138176009207043,3.458663892718948e-17,0.7726449134375388,0.0,0.0,8.179355347569005e-17,0.227355086562461,7.72191471820433e-17,0.0
0.38025150420124443,0.26029897346624903,1.3071565349271816,8.832504209782279e-17,0.7850051590177937,0.0,0.0,6.12336661591037e-17,0.21499484098220642,0.0,1.6057122201552457e-17
0.380979938833803,0.26221541605414006,1.3003809766981829,0.0,0.7973654045980493,5.564358826461785e-17,1.0777261473226287e-17,0.0,0.20263459540195086,8.135034386047932e-17,0.0
0.38170837346636166,0.26417322185087966,1.2935011772663658,0.0,0.8097256501783061,0.0,0.0,6.046464549416551e-17,0.1902743498216939,1.0991527652306667e-16,0.0
0.3824368080989203,0.26617147812541386,1.2865270558311734,0.0,0.8220858957585606,0.0,8.700492194003924e-17,0.0,0.17791410424143947,0.0,1.4528006363201565e-16
0.3831652427314789,0.2682092807671408,1.2794681889826731,7.61494402666527e-17,0.8344461413388178,2.599842037120678e-17,2.6771959312142284e-17,5.038812830221687e-17,0.165553858661182,8.889287675356227e-17,0.0
0.3838936773640375,0.2702857353053459,1.2723338025054693,2.048260771689067e-17,0.8468063869190725,2.3996926685578578e-17,0.0,0.0,0.15319361308092752,0.0,5.41006674938888e-17
0.38462211199659607,0.2723999578326719,1.265132765579532,6.973168468831725e-17,0.8591666324993263,0.0,0.0,6.631419841855074e-17,0.14083336750067382,0.0,0.0
0.38535054662915486,0.27455107583598576,1.257873587191711,0.0,0.8715268780795844,1.381338849970953e-16,0.0,0.0,0.12847312192041566,1.6518109424414864e-16,0.0
0.3860789812617134,0.2767382289383203,1.2505644145711718,0.0,0.8838871236598399,0.0,6.492498153220559e-17,0.0,0.11611287634016014,1.5876956740083079e-16,0.0
0.3868074158942719,0.2789605695558147,1.2432130334637934,0.0,0.8962473692400948,0.0,2.484560778755135e-17,5.550520089428004e-17,0.10375263075990505,1.0878100511478905e-16,0.0
0.3875358505268306,0.2812172634737356,1.2358268700644293,5.997088639566031e-17,0.9086076148203501,1.6460479049005644e-17,0.0,0.0,0.09139238517964975,4.1877843024373934e-17,0.0
0.3882642851593894,0.2835074903458003,1.228412994431307,4.9143330669283305e-17,0.9209678604006075,0.0,0.0,1.2116224124772958e-16,0.07903213959939254,2.2264227205630705e-17,0.0
0.38899271979194777,0.2858304441210848,1.2209781252136525,0.0,0.9333281059808607,1.7960070394283416e-17,6.443695399982374e-17,0.0,0.0666718940191392,9.902319534322465e-17,6.388422328891868e-17
